{
  "accuracy": 0.5496957403651116,
  "classification_report": {
    "0": {
      "precision": 0.38461538461538464,
      "recall": 0.12077294685990338,
      "f1-score": 0.18382352941176472,
      "support": 207.0
    },
    "1": {
      "precision": 0.5747663551401869,
      "recall": 0.8601398601398601,
      "f1-score": 0.6890756302521008,
      "support": 286.0
    },
    "accuracy": 0.5496957403651116,
    "macro avg": {
      "precision": 0.47969086987778575,
      "recall": 0.49045640349988173,
      "f1-score": 0.4364495798319328,
      "support": 493.0
    },
    "weighted avg": {
      "precision": 0.49492608962571616,
      "recall": 0.5496957403651116,
      "f1-score": 0.476931239027051,
      "support": 493.0
    }
  }
}