{
  "accuracy": 0.489247311827957,
  "classification_report": {
    "0": {
      "precision": 0.4629080118694362,
      "recall": 0.4394366197183099,
      "f1-score": 0.4508670520231214,
      "support": 355.0
    },
    "1": {
      "precision": 0.5110565110565111,
      "recall": 0.5347043701799485,
      "f1-score": 0.5226130653266332,
      "support": 389.0
    },
    "accuracy": 0.489247311827957,
    "macro avg": {
      "precision": 0.48698226146297363,
      "recall": 0.48707049494912924,
      "f1-score": 0.4867400586748773,
      "support": 744.0
    },
    "weighted avg": {
      "precision": 0.48808242878310837,
      "recall": 0.489247311827957,
      "f1-score": 0.48837941650573713,
      "support": 744.0
    }
  }
}