{
  "accuracy": 0.5517241379310345,
  "classification_report": {
    "0": {
      "precision": 0.390625,
      "recall": 0.12077294685990338,
      "f1-score": 0.18450184501845018,
      "support": 207.0
    },
    "1": {
      "precision": 0.5757575757575758,
      "recall": 0.8636363636363636,
      "f1-score": 0.6909090909090909,
      "support": 286.0
    },
    "accuracy": 0.5517241379310345,
    "macro avg": {
      "precision": 0.4831912878787879,
      "recall": 0.4922046552481335,
      "f1-score": 0.4377054679637705,
      "support": 493.0
    },
    "weighted avg": {
      "precision": 0.49802442528735635,
      "recall": 0.5517241379310345,
      "f1-score": 0.4782796793485176,
      "support": 493.0
    }
  }
}